{"cameraMode":{"drawMode":0,"name":"Shaded","section":"Shading Mode"},"sceneLighting":false,"audioPlay":false,"sceneViewState":{"m_AlwaysRefresh":false,"showFog":true,"showSkybox":false,"showFlares":true,"showImageEffects":true,"showParticleSystems":true,"showVisualEffectGraphs":true,"m_FxEnabled":true},"in2DMode":false,"pivot":{"x":4.3555073738098148,"y":0.9388586282730103,"z":4.214181423187256},"rotation":{"x":-0.020437048748135568,"y":-0.9536808133125305,"z":0.2928085923194885,"w":-0.06644248217344284},"size":2.2761521339416506,"orthographic":false}